stripeId,type,reportingCategory,description,amountEuro,feeEuro,netEuro,currency,status,createdAtStripe,availableOn,sourceId,payoutId,orderId,syncedAt
"stripe_eu_tx_txn_3Rnx6dRrkwwcYwep0xf7e8bI","payment","charge","",0.00,0.16,-0.16,eur,"available",2025-07-23T07:28:54.000Z,2025-07-28T00:00:00.000Z,"py_3Rnx6dRrkwwcYwep0gRIRKpe","","",2026-08-22T17:18:18.242Z
"stripe_eu_tx_txn_3RnzCxRrkwwcYwep1sZVzu6X","payment","charge","",0.00,0.20,-0.20,eur,"available",2025-07-23T09:43:33.000Z,2025-07-28T00:00:00.000Z,"py_3RnzCxRrkwwcYwep1QOCNp4f","","",2026-08-22T17:18:18.050Z
"stripe_eu_tx_txn_1RoCjURrkwwcYwepZIgZYoHs","payout","payout","STRIPE PAYOUT",-196.74,0.00,-196.74,eur,"available",2025-07-24T00:10:00.000Z,2025-07-24T00:10:00.000Z,"po_1RoCjURrkwwcYwep5qhFAwDx","","",2026-08-22T17:18:17.849Z
"stripe_eu_tx_po_1RoCjURrkwwcYwep5qhFAwDx","payout","payout","STRIPE PAYOUT",-196.74,0.00,-196.74,eur,"paid",2025-07-24T00:10:00.000Z,2025-07-24T00:00:00.000Z,"","stripe_eu_tx_po_1RoCjURrkwwcYwep5qhFAwDx","",2026-08-22T17:18:23.137Z
"stripe_eu_tx_txn_3RrxUjRrkwwcYwep0RbN6k7u","charge","charge","",32.48,0.74,31.74,eur,"available",2025-08-03T08:42:19.000Z,2025-08-07T00:00:00.000Z,"ch_3RrxUjRrkwwcYwep0xVLQ41m","","",2026-08-22T17:18:17.753Z
"stripe_eu_tx_po_1RtHRERrkwwcYwepbwqRhy78","payout","payout","STRIPE PAYOUT",-31.38,0.00,-31.38,eur,"paid",2025-08-07T00:12:08.000Z,2025-08-07T00:00:00.000Z,"","stripe_eu_tx_po_1RtHRERrkwwcYwepbwqRhy78","",2026-09-06T20:46:56.884Z
"stripe_eu_tx_txn_1RtHRFRrkwwcYwep0hVXdZuu","payout","payout","STRIPE PAYOUT",-31.38,0.00,-31.38,eur,"available",2025-08-07T00:12:08.000Z,2025-08-07T00:12:08.000Z,"po_1RtHRERrkwwcYwepbwqRhy78","","",2026-09-06T20:46:52.203Z
"stripe_eu_tx_txn_3RtUfIRrkwwcYwep196LBZ7K","charge","charge","",29.99,0.70,29.29,eur,"available",2025-08-07T14:19:34.000Z,2025-08-12T00:00:00.000Z,"ch_3RtUfIRrkwwcYwep1waDoqbI","","",2026-09-06T20:46:52.107Z
"stripe_eu_tx_txn_3RtUfIRrkwwcYwep1MQnEUnU","refund","refund","REFUND FOR CHARGE",-29.99,0.00,-29.99,eur,"available",2025-08-10T11:52:20.000Z,2025-08-12T00:00:00.000Z,"re_3RtUfIRrkwwcYwep1WM9gERD","","",2026-09-06T20:46:51.884Z
"stripe_eu_tx_txn_3Rvf0VRrkwwcYwep0NtxUfUo","charge","charge","",199.99,6.75,193.24,eur,"available",2025-08-13T13:46:24.000Z,2025-08-18T00:00:00.000Z,"ch_3Rvf0VRrkwwcYwep0WmvHxbM","","",2026-09-06T20:46:51.788Z
"stripe_eu_tx_txn_1RxGXeRrkwwcYwepFkQse7wn","payout","payout","STRIPE PAYOUT",-192.54,0.00,-192.54,eur,"available",2025-08-18T00:03:14.000Z,2025-08-18T00:03:14.000Z,"po_1RxGXeRrkwwcYwepZNB2viG5","","",2026-09-06T20:46:51.567Z
"stripe_eu_tx_po_1RxGXeRrkwwcYwepZNB2viG5","payout","payout","STRIPE PAYOUT",-192.54,0.00,-192.54,eur,"paid",2025-08-18T00:03:14.000Z,2025-08-18T00:00:00.000Z,"","stripe_eu_tx_po_1RxGXeRrkwwcYwepZNB2viG5","",2026-09-06T20:46:56.788Z
"stripe_eu_tx_txn_3RzjYIRrkwwcYwep1PAMWQyR","charge","charge","",39.99,0.85,39.14,eur,"available",2025-08-24T19:26:08.000Z,2025-08-28T00:00:00.000Z,"ch_3RzjYIRrkwwcYwep1KNkFFoK","","",2026-09-06T20:46:51.472Z
"stripe_eu_tx_txn_3S0pGyRrkwwcYwep1uQGhLls","payment","charge","",431.87,14.29,417.58,eur,"available",2025-08-27T19:47:04.000Z,2025-09-01T00:00:00.000Z,"py_3S0pGyRrkwwcYwep1lJ9TPde","","",2026-09-06T20:46:51.246Z
"stripe_eu_tx_po_1S0tQ1RrkwwcYwepspOV6Fu8","payout","payout","STRIPE PAYOUT",-39.14,0.00,-39.14,eur,"paid",2025-08-28T00:10:21.000Z,2025-08-28T00:00:00.000Z,"","stripe_eu_tx_po_1S0tQ1RrkwwcYwepspOV6Fu8","",2026-09-06T20:46:56.692Z
"stripe_eu_tx_txn_1S0tQ1RrkwwcYwepHrlmv1Mj","payout","payout","STRIPE PAYOUT",-39.14,0.00,-39.14,eur,"available",2025-08-28T00:10:21.000Z,2025-08-28T00:10:21.000Z,"po_1S0tQ1RrkwwcYwepspOV6Fu8","","",2026-09-06T20:46:51.048Z
"stripe_eu_tx_txn_1S2LD0RrkwwcYwep0XQP6uRe","payout","payout","STRIPE PAYOUT",-417.58,0.00,-417.58,eur,"available",2025-09-01T00:02:54.000Z,2025-09-01T00:02:54.000Z,"po_1S2LD0RrkwwcYwepvaTGyplV","","",2026-09-06T20:46:50.953Z
"stripe_eu_tx_po_1S2LD0RrkwwcYwepvaTGyplV","payout","payout","STRIPE PAYOUT",-417.58,0.00,-417.58,eur,"paid",2025-09-01T00:02:54.000Z,2025-09-01T00:00:00.000Z,"","stripe_eu_tx_po_1S2LD0RrkwwcYwepvaTGyplV","",2026-09-06T20:46:56.597Z
"stripe_eu_tx_txn_3S3MLLRrkwwcYwep0vcCPhq3","payment","charge","",102.48,3.58,98.90,eur,"available",2025-09-03T19:27:47.000Z,2025-09-08T00:00:00.000Z,"py_3S3MLLRrkwwcYwep0cAwi4rS","","",2026-09-06T20:46:50.857Z
"stripe_eu_tx_txn_1S3MLQRrkwwcYwep9kCKeQBj","contribution","contribution","Climate contribution",-0.51,0.00,-0.51,eur,"available",2025-09-03T19:27:48.000Z,2025-09-08T00:00:00.000Z,"","","",2026-09-06T20:46:50.653Z
"stripe_eu_tx_po_1S4snZRrkwwcYwep8VCRkP3S","payout","payout","STRIPE PAYOUT",-98.39,0.00,-98.39,eur,"paid",2025-09-08T00:19:09.000Z,2025-09-08T00:00:00.000Z,"","stripe_eu_tx_po_1S4snZRrkwwcYwep8VCRkP3S","",2026-09-06T20:46:56.502Z
"stripe_eu_tx_txn_1S4snaRrkwwcYwepw9scmTPv","payout","payout","STRIPE PAYOUT",-98.39,0.00,-98.39,eur,"available",2025-09-08T00:19:09.000Z,2025-09-08T00:19:09.000Z,"po_1S4snZRrkwwcYwep8VCRkP3S","","",2026-09-06T20:46:50.558Z
"stripe_eu_tx_txn_3SAXmKRrkwwcYwep0VNB2gWn","charge","charge","",89.99,1.60,88.39,eur,"available",2025-09-23T15:05:18.000Z,2025-09-26T00:00:00.000Z,"ch_3SAXmKRrkwwcYwep0s82GtGx","","",2026-09-06T20:46:50.462Z
"stripe_eu_tx_txn_1SAXmQRrkwwcYwep9jdLPhva","contribution","contribution","Climate contribution",-0.45,0.00,-0.45,eur,"available",2025-09-23T15:05:22.000Z,2025-09-26T00:00:00.000Z,"","","",2026-09-06T20:46:50.207Z
"stripe_eu_tx_po_1SBP6ARrkwwcYwep1qBssF7o","payout","payout","STRIPE PAYOUT",-87.94,0.00,-87.94,eur,"paid",2025-09-26T00:01:19.000Z,2025-09-26T00:00:00.000Z,"","stripe_eu_tx_po_1SBP6ARrkwwcYwep1qBssF7o","",2026-09-06T20:46:56.406Z
"stripe_eu_tx_txn_1SBP6DRrkwwcYwepmcfYrgDr","payout","payout","STRIPE PAYOUT",-87.94,0.00,-87.94,eur,"available",2025-09-26T00:01:19.000Z,2025-09-26T00:01:19.000Z,"po_1SBP6ARrkwwcYwep1qBssF7o","","",2026-09-06T20:46:50.111Z
"stripe_eu_tx_txn_3SFCelRrkwwcYwep0GK1VOIJ","charge","charge","",104.98,1.82,103.16,eur,"available",2025-10-06T11:32:46.000Z,2025-10-09T00:00:00.000Z,"ch_3SFCelRrkwwcYwep0F4vOGuG","","",2026-09-06T20:46:50.015Z
"stripe_eu_tx_txn_1SFCerRrkwwcYwep5Uu01fw8","contribution","contribution","Climate contribution",-0.52,0.00,-0.52,eur,"available",2025-10-06T11:32:49.000Z,2025-10-09T00:00:00.000Z,"","","",2026-09-06T20:46:49.793Z
"stripe_eu_tx_txn_1SG7LGRrkwwcYwepbWfHjU5r","payout","payout","STRIPE PAYOUT",-102.64,0.00,-102.64,eur,"available",2025-10-09T00:04:21.000Z,2025-10-09T00:04:21.000Z,"po_1SG7LFRrkwwcYwepQLU76Bqm","","",2026-09-06T20:46:49.697Z
"stripe_eu_tx_po_1SG7LFRrkwwcYwepQLU76Bqm","payout","payout","STRIPE PAYOUT",-102.64,0.00,-102.64,eur,"paid",2025-10-09T00:04:21.000Z,2025-10-09T00:00:00.000Z,"","stripe_eu_tx_po_1SG7LFRrkwwcYwepQLU76Bqm","",2026-09-06T20:46:56.310Z
"stripe_eu_tx_txn_3SJW4WRrkwwcYwep0tyNG4lb","payment","charge","",0.00,0.17,-0.17,eur,"available",2025-10-18T09:05:11.000Z,2025-10-23T00:00:00.000Z,"py_3SJW4WRrkwwcYwep0NgHdtqV","","",2026-09-06T20:46:49.601Z
"stripe_eu_tx_txn_3SLK9vRrkwwcYwep0IwIsHD8","payment","charge","",0.00,0.16,-0.16,eur,"available",2025-10-23T08:46:36.000Z,2025-10-28T00:00:00.000Z,"py_3SLK9vRrkwwcYwep0pIGcilD","","",2026-09-06T20:46:49.403Z
"stripe_eu_tx_txn_3SLO05RrkwwcYwep0XjcN3lu","charge","charge","",39.99,0.85,39.14,eur,"available",2025-10-23T12:52:18.000Z,2025-10-28T00:00:00.000Z,"ch_3SLO05RrkwwcYwep0gZGLEsa","","",2026-09-06T20:46:49.199Z
"stripe_eu_tx_txn_1SLO0ARrkwwcYwepFFez4W2t","contribution","contribution","Climate contribution",-0.20,0.00,-0.20,eur,"available",2025-10-23T12:52:22.000Z,2025-10-28T00:00:00.000Z,"","","",2026-09-06T20:46:48.989Z
"stripe_eu_tx_txn_3SLrFxRrkwwcYwep1i6LJ6Jv","charge","charge","",144.98,2.42,142.56,eur,"available",2025-10-24T20:06:38.000Z,2025-10-29T00:00:00.000Z,"ch_3SLrFxRrkwwcYwep1SNoetQW","","",2026-09-06T20:46:48.893Z
"stripe_eu_tx_txn_1SLrG2RrkwwcYwep6qmoT7mM","contribution","contribution","Climate contribution",-0.72,0.00,-0.72,eur,"available",2025-10-24T20:06:42.000Z,2025-10-29T00:00:00.000Z,"","","",2026-09-06T20:46:48.674Z
"stripe_eu_tx_txn_3SMs6LRrkwwcYwep0ogPri6F","charge","charge","",29.99,0.70,29.29,eur,"available",2025-10-27T15:12:53.000Z,2025-10-30T00:00:00.000Z,"ch_3SMs6LRrkwwcYwep0iMSYxpz","","",2026-09-06T20:46:48.578Z
"stripe_eu_tx_txn_1SMs6PRrkwwcYwepfOu4uAxx","contribution","contribution","Climate contribution",-0.15,0.00,-0.15,eur,"available",2025-10-27T15:12:57.000Z,2025-10-30T00:00:00.000Z,"","","",2026-09-06T20:46:48.335Z
"stripe_eu_tx_txn_3SMtJQRrkwwcYwep0jzRHjWb","charge","charge","",34.99,1.39,33.60,eur,"available",2025-10-27T16:30:30.000Z,2025-10-30T00:00:00.000Z,"ch_3SMtJQRrkwwcYwep0nVxzF0V","","",2026-09-06T20:46:48.239Z
"stripe_eu_tx_txn_1SMtJWRrkwwcYwepo1UteKZ4","contribution","contribution","Climate contribution",-0.17,0.00,-0.17,eur,"available",2025-10-27T16:30:34.000Z,2025-10-30T00:00:00.000Z,"","","",2026-09-06T20:46:48.012Z
"stripe_eu_tx_txn_3SMvcdRrkwwcYwep1QbNIIzP","payment","charge","",0.00,0.16,-0.16,eur,"available",2025-10-27T18:58:30.000Z,2025-10-30T00:00:00.000Z,"py_3SMvcdRrkwwcYwep1TTYF8Bp","","",2026-09-06T20:46:47.916Z
"stripe_eu_tx_txn_1SN0Z0RrkwwcYwepnOoAv8JG","payout","payout","STRIPE PAYOUT",-38.61,0.00,-38.61,eur,"available",2025-10-28T00:15:02.000Z,2025-10-28T00:15:02.000Z,"po_1SN0Z0RrkwwcYwep1yG1yIHq","","",2026-09-06T20:46:47.717Z
"stripe_eu_tx_po_1SN0Z0RrkwwcYwep1yG1yIHq","payout","payout","STRIPE PAYOUT",-38.61,0.00,-38.61,eur,"paid",2025-10-28T00:15:02.000Z,2025-10-28T00:00:00.000Z,"","stripe_eu_tx_po_1SN0Z0RrkwwcYwep1yG1yIHq","",2026-09-06T20:46:56.215Z
"stripe_eu_tx_txn_3SNDRORrkwwcYwep1TuSnu3b","charge","charge","",34.99,1.39,33.60,eur,"available",2025-10-28T14:00:03.000Z,2025-10-31T00:00:00.000Z,"ch_3SNDRORrkwwcYwep1ENom8pF","","",2026-09-06T20:46:47.622Z
"stripe_eu_tx_txn_1SNDRTRrkwwcYwep7r3QujQF","contribution","contribution","Climate contribution",-0.17,0.00,-0.17,eur,"available",2025-10-28T14:00:07.000Z,2025-10-31T00:00:00.000Z,"","","",2026-09-06T20:46:47.407Z
"stripe_eu_tx_po_1SNN2eRrkwwcYwepaX64kbBY","payout","payout","STRIPE PAYOUT",-141.84,0.00,-141.84,eur,"paid",2025-10-29T00:15:08.000Z,2025-10-29T00:00:00.000Z,"","stripe_eu_tx_po_1SNN2eRrkwwcYwepaX64kbBY","",2026-09-06T20:46:56.119Z
"stripe_eu_tx_txn_1SNN2eRrkwwcYwepoReGzIwX","payout","payout","STRIPE PAYOUT",-141.84,0.00,-141.84,eur,"available",2025-10-29T00:15:08.000Z,2025-10-29T00:15:08.000Z,"po_1SNN2eRrkwwcYwepaX64kbBY","","",2026-09-06T20:46:47.312Z
"stripe_eu_tx_po_1SNjI9RrkwwcYwepEEnXW1qe","payout","payout","STRIPE PAYOUT",-62.41,0.00,-62.41,eur,"paid",2025-10-30T00:00:37.000Z,2025-10-30T00:00:00.000Z,"","stripe_eu_tx_po_1SNjI9RrkwwcYwepEEnXW1qe","",2026-09-06T20:46:56.024Z
"stripe_eu_tx_txn_1SNjIARrkwwcYwepxDxzHE7N","payout","payout","STRIPE PAYOUT",-62.41,0.00,-62.41,eur,"available",2025-10-30T00:00:37.000Z,2025-10-30T00:00:37.000Z,"po_1SNjI9RrkwwcYwepEEnXW1qe","","",2026-09-06T20:46:47.214Z
"stripe_eu_tx_txn_3SNtOhRrkwwcYwep1vXeANpY","charge","charge","",33.99,1.10,32.89,eur,"available",2025-10-30T10:48:04.000Z,2025-11-04T00:00:00.000Z,"ch_3SNtOhRrkwwcYwep1nxe8RkA","","",2026-09-06T20:46:47.118Z
"stripe_eu_tx_txn_1SNtOmRrkwwcYwep7tecCiuS","contribution","contribution","Climate contribution",-0.17,0.00,-0.17,eur,"available",2025-10-30T10:48:08.000Z,2025-11-04T00:00:00.000Z,"","","",2026-09-06T20:46:46.906Z
"stripe_eu_tx_txn_3SNwO0RrkwwcYwep0CbucAuW","charge","charge","",33.48,0.75,32.73,eur,"available",2025-10-30T13:59:34.000Z,2025-11-04T00:00:00.000Z,"ch_3SNwO0RrkwwcYwep07kxWrpY","","",2026-09-06T20:46:46.809Z
"stripe_eu_tx_txn_1SNwO6RrkwwcYwepNS7ykYzs","contribution","contribution","Climate contribution",-0.17,0.00,-0.17,eur,"available",2025-10-30T13:59:38.000Z,2025-11-04T00:00:00.000Z,"","","",2026-09-06T20:46:46.583Z
"stripe_eu_tx_txn_1SO5mCRrkwwcYwepPZJ4cc3j","payout","payout","STRIPE PAYOUT",-33.43,0.00,-33.43,eur,"available",2025-10-31T00:01:08.000Z,2025-10-31T00:01:08.000Z,"po_1SO5mCRrkwwcYwepCbtGo8JC","","",2026-09-06T20:46:46.486Z
"stripe_eu_tx_po_1SO5mCRrkwwcYwepCbtGo8JC","payout","payout","STRIPE PAYOUT",-33.43,0.00,-33.43,eur,"paid",2025-10-31T00:01:08.000Z,2025-10-31T00:00:00.000Z,"","stripe_eu_tx_po_1SO5mCRrkwwcYwepCbtGo8JC","",2026-09-06T20:46:55.928Z
"stripe_eu_tx_txn_3SPI3iRrkwwcYwep05xigl5S","charge","charge","",179.94,2.95,176.99,eur,"available",2025-11-03T07:22:11.000Z,2025-11-06T00:00:00.000Z,"ch_3SPI3iRrkwwcYwep0Z7grsIx","","",2026-09-06T20:46:46.298Z
"stripe_eu_tx_txn_1SPI5kRrkwwcYwepQbGv4q7p","contribution","contribution","Climate contribution",-0.90,0.00,-0.90,eur,"available",2025-11-03T07:22:16.000Z,2025-11-06T00:00:00.000Z,"","","",2026-09-06T20:46:46.025Z
"stripe_eu_tx_txn_1SPXzNRrkwwcYwepAc3goqu5","payout","payout","STRIPE PAYOUT",-65.28,0.00,-65.28,eur,"available",2025-11-04T00:20:45.000Z,2025-11-04T00:20:45.000Z,"po_1SPXzNRrkwwcYwepw0yFH2xf","","",2026-09-06T20:46:45.930Z
"stripe_eu_tx_po_1SPXzNRrkwwcYwepw0yFH2xf","payout","payout","STRIPE PAYOUT",-65.28,0.00,-65.28,eur,"paid",2025-11-04T00:20:45.000Z,2025-11-04T00:00:00.000Z,"","stripe_eu_tx_po_1SPXzNRrkwwcYwepw0yFH2xf","",2026-09-06T20:46:55.833Z
"stripe_eu_tx_txn_1SQHCMRrkwwcYwep4549K3GJ","payout","payout","STRIPE PAYOUT",-176.09,0.00,-176.09,eur,"available",2025-11-06T00:37:10.000Z,2025-11-06T00:37:10.000Z,"po_1SQHCMRrkwwcYwep7lPZZhoW","","",2026-09-06T20:46:45.834Z
"stripe_eu_tx_po_1SQHCMRrkwwcYwep7lPZZhoW","payout","payout","STRIPE PAYOUT",-176.09,0.00,-176.09,eur,"paid",2025-11-06T00:37:10.000Z,2025-11-06T00:00:00.000Z,"","stripe_eu_tx_po_1SQHCMRrkwwcYwep7lPZZhoW","",2026-09-06T20:46:55.737Z
"stripe_eu_tx_txn_3SQlHARrkwwcYwep01ZmATTZ","payment","charge","",0.00,0.18,-0.18,eur,"available",2025-11-07T08:44:11.000Z,2025-11-12T00:00:00.000Z,"py_3SQlHARrkwwcYwep0DFSrii0","","",2026-09-06T20:46:45.738Z
"stripe_eu_tx_txn_3SRzX8RrkwwcYwep0r6vaFQa","charge","charge","",84.98,1.86,83.12,eur,"available",2025-11-10T18:09:44.000Z,2025-11-13T00:00:00.000Z,"ch_3SRzX8RrkwwcYwep06I2F1DL","","",2026-09-06T20:46:45.537Z
"stripe_eu_tx_txn_1SRzXERrkwwcYweppUTXII1v","contribution","contribution","Climate contribution",-0.42,0.00,-0.42,eur,"available",2025-11-10T18:09:48.000Z,2025-11-13T00:00:00.000Z,"","","",2026-09-06T20:46:45.314Z
"stripe_eu_tx_po_1SSo2hRrkwwcYwepFpgAfVbw","payout","payout","STRIPE PAYOUT",-82.52,0.00,-82.52,eur,"paid",2025-11-13T00:05:39.000Z,2025-11-13T00:00:00.000Z,"","stripe_eu_tx_po_1SSo2hRrkwwcYwepFpgAfVbw","",2026-09-06T20:46:55.641Z
"stripe_eu_tx_txn_1SSo2hRrkwwcYwepuCoCRKOF","payout","payout","STRIPE PAYOUT",-82.52,0.00,-82.52,eur,"available",2025-11-13T00:05:39.000Z,2025-11-13T00:05:39.000Z,"po_1SSo2hRrkwwcYwepFpgAfVbw","","",2026-09-06T20:46:45.219Z
"stripe_eu_tx_txn_3SUqFXRrkwwcYwep0Oq8Q4Qa","charge","charge","",109.07,1.89,107.18,eur,"available",2025-11-18T14:51:21.000Z,2025-11-21T00:00:00.000Z,"ch_3SUqFXRrkwwcYwep0lhubk2v","","",2026-09-06T20:46:45.123Z
"stripe_eu_tx_txn_1SUqFdRrkwwcYwep7PQu63hI","contribution","contribution","Climate contribution",-0.55,0.00,-0.55,eur,"available",2025-11-18T14:51:25.000Z,2025-11-21T00:00:00.000Z,"","","",2026-09-06T20:46:44.906Z
"stripe_eu_tx_po_1SVi0aRrkwwcYwepCR51BJtS","payout","payout","STRIPE PAYOUT",-106.63,0.00,-106.63,eur,"paid",2025-11-21T00:15:28.000Z,2025-11-21T00:00:00.000Z,"","stripe_eu_tx_po_1SVi0aRrkwwcYwepCR51BJtS","",2026-09-06T20:46:55.546Z
"stripe_eu_tx_txn_1SVi0aRrkwwcYweps05gOEKv","payout","payout","STRIPE PAYOUT",-106.63,0.00,-106.63,eur,"available",2025-11-21T00:15:28.000Z,2025-11-21T00:15:28.000Z,"po_1SVi0aRrkwwcYwepCR51BJtS","","",2026-09-06T20:46:44.810Z
"stripe_eu_tx_txn_3SXje8RrkwwcYwep1ruPO6dP","payment","charge","",0.00,0.16,-0.16,eur,"available",2025-11-26T14:24:43.000Z,2025-12-01T00:00:00.000Z,"py_3SXje8RrkwwcYwep1ECIHVCX","","",2026-09-06T20:46:44.715Z
"stripe_eu_tx_txn_3SYStDRrkwwcYwep1p7VeaAz","payment","charge","",0.00,0.16,-0.16,eur,"available",2025-11-28T14:43:17.000Z,2025-12-03T00:00:00.000Z,"py_3SYStDRrkwwcYwep1QkFIEjP","","",2026-09-06T20:46:44.511Z
"stripe_eu_tx_txn_3Sb3hIRrkwwcYwep1ZfyAFen","charge","charge","",29.99,0.70,29.29,eur,"available",2025-12-05T18:27:34.000Z,2025-12-10T00:00:00.000Z,"ch_3Sb3hIRrkwwcYwep1lLLHKU6","","",2026-09-06T20:46:44.311Z
"stripe_eu_tx_txn_1Sb3jARrkwwcYwepae9eKLAI","contribution","contribution","Climate contribution",-0.15,0.00,-0.15,eur,"available",2025-12-05T18:27:36.000Z,2025-12-10T00:00:00.000Z,"","","",2026-09-06T20:46:44.093Z
"stripe_eu_tx_po_1ScaywRrkwwcYwepsdz4OXip","payout","payout","STRIPE PAYOUT",-28.82,0.00,-28.82,eur,"paid",2025-12-10T00:10:14.000Z,2025-12-10T00:00:00.000Z,"","stripe_eu_tx_po_1ScaywRrkwwcYwepsdz4OXip","",2026-09-06T20:46:55.450Z
"stripe_eu_tx_txn_1ScaywRrkwwcYwep8jemPTEk","payout","payout","STRIPE PAYOUT",-28.82,0.00,-28.82,eur,"available",2025-12-10T00:10:14.000Z,2025-12-10T00:10:14.000Z,"po_1ScaywRrkwwcYwepsdz4OXip","","",2026-09-06T20:46:43.997Z
"stripe_eu_tx_txn_3Sg2shRrkwwcYwep0cLVIvAT","payment","charge","",0.00,0.16,-0.16,eur,"available",2025-12-19T12:34:05.000Z,2025-12-24T00:00:00.000Z,"py_3Sg2shRrkwwcYwep0AzWqL4W","","",2026-09-06T20:46:43.901Z
"stripe_eu_tx_txn_3Sg38VRrkwwcYwep1bts0FyH","payment","charge","",0.00,0.16,-0.16,eur,"available",2025-12-19T12:50:25.000Z,2025-12-24T00:00:00.000Z,"py_3Sg38VRrkwwcYwep1TUEpROv","","",2026-09-06T20:46:43.672Z
"stripe_eu_tx_txn_3SgPBBRrkwwcYwep1lC0B7b0","payment","charge","",15.00,0.63,14.37,eur,"available",2025-12-20T12:22:40.000Z,2025-12-29T00:00:00.000Z,"py_3SgPBBRrkwwcYwep1oWtDk1O","","",2026-09-06T20:46:43.450Z
"stripe_eu_tx_txn_1SgPBFRrkwwcYwepCBKZqWOz","contribution","contribution","Climate contribution",-0.08,0.00,-0.08,eur,"available",2025-12-20T12:22:41.000Z,2025-12-29T00:00:00.000Z,"","","",2026-09-06T20:46:43.182Z
"stripe_eu_tx_po_1SjU98RrkwwcYwepGykgsB8X","payout","payout","STRIPE PAYOUT",-13.97,0.00,-13.97,eur,"paid",2025-12-29T00:17:14.000Z,2025-12-29T00:00:00.000Z,"","stripe_eu_tx_po_1SjU98RrkwwcYwepGykgsB8X","",2026-09-06T20:46:55.354Z
"stripe_eu_tx_txn_1SjU99RrkwwcYwepd7akl8nJ","payout","payout","STRIPE PAYOUT",-13.97,0.00,-13.97,eur,"available",2025-12-29T00:17:14.000Z,2025-12-29T00:17:14.000Z,"po_1SjU98RrkwwcYwepGykgsB8X","","",2026-09-06T20:46:43.060Z
"stripe_eu_tx_txn_3SqBl3RrkwwcYwep0dcGRaZF","payment","charge","",0.00,0.18,-0.18,eur,"available",2026-01-16T12:04:08.000Z,2026-01-21T00:00:00.000Z,"py_3SqBl3RrkwwcYwep0gpF2GRq","","",2026-09-06T20:46:42.884Z
"stripe_eu_tx_txn_3Src7YRrkwwcYwep0cGIOVep","charge","charge","",39.99,0.85,39.14,eur,"available",2026-01-20T10:25:13.000Z,2026-01-23T00:00:00.000Z,"ch_3Src7YRrkwwcYwep0jrAiVTa","","",2026-09-06T20:46:42.691Z
"stripe_eu_tx_txn_1Src7dRrkwwcYwepnjdikkmH","contribution","contribution","Climate contribution",-0.20,0.00,-0.20,eur,"available",2026-01-20T10:25:17.000Z,2026-01-23T00:00:00.000Z,"","","",2026-09-06T20:46:42.477Z
"stripe_eu_tx_txn_3Ss2yLRrkwwcYwep1uaA2uZf","payment","charge","",0.00,0.16,-0.16,eur,"available",2026-01-21T15:05:32.000Z,2026-01-26T00:00:00.000Z,"py_3Ss2yLRrkwwcYwep1yIYE2Wv","","",2026-09-06T20:46:42.382Z
"stripe_eu_tx_txn_3SsPVeRrkwwcYwep17HxuA4b","charge","charge","",40.97,0.86,40.11,eur,"available",2026-01-22T15:09:23.000Z,2026-01-27T00:00:00.000Z,"ch_3SsPVeRrkwwcYwep18ol6Ovs","","",2026-09-06T20:46:42.161Z
"stripe_eu_tx_txn_1SsPVjRrkwwcYwepdZYXJpMG","contribution","contribution","Climate contribution",-0.20,0.00,-0.20,eur,"available",2026-01-22T15:09:27.000Z,2026-01-27T00:00:00.000Z,"","","",2026-09-06T20:46:41.931Z
"stripe_eu_tx_txn_3SsQrBRrkwwcYwep01FEJRKF","payment","charge","",0.00,0.16,-0.16,eur,"available",2026-01-22T16:35:44.000Z,2026-01-27T00:00:00.000Z,"py_3SsQrBRrkwwcYwep0Uedj558","","",2026-09-06T20:46:41.835Z
"stripe_eu_tx_po_1SsXoIRrkwwcYwepKNsJM7Wx","payout","payout","STRIPE PAYOUT",-38.76,0.00,-38.76,eur,"paid",2026-01-23T00:01:10.000Z,2026-01-23T00:00:00.000Z,"","stripe_eu_tx_po_1SsXoIRrkwwcYwepKNsJM7Wx","",2026-09-06T20:46:55.259Z
"stripe_eu_tx_txn_1SsXoKRrkwwcYwepKooWUNqM","payout","payout","STRIPE PAYOUT",-38.76,0.00,-38.76,eur,"available",2026-01-23T00:01:10.000Z,2026-01-23T00:01:10.000Z,"po_1SsXoIRrkwwcYwepKNsJM7Wx","","",2026-09-06T20:46:41.623Z
"stripe_eu_tx_po_1StzhyRrkwwcYwep9fWIinGV","payout","payout","STRIPE PAYOUT",-39.59,0.00,-39.59,eur,"paid",2026-01-27T00:00:38.000Z,2026-01-27T00:00:00.000Z,"","stripe_eu_tx_po_1StzhyRrkwwcYwep9fWIinGV","",2026-09-06T20:46:55.163Z
"stripe_eu_tx_txn_1StzhzRrkwwcYwep7ZYupaR6","payout","payout","STRIPE PAYOUT",-39.59,0.00,-39.59,eur,"available",2026-01-27T00:00:38.000Z,2026-01-27T00:00:38.000Z,"po_1StzhyRrkwwcYwep9fWIinGV","","",2026-09-06T20:46:41.527Z
"stripe_eu_tx_txn_3SzBTjRrkwwcYwep1ORvGjOp","payment","charge","",0.00,0.18,-0.18,eur,"available",2026-02-10T07:35:46.000Z,2026-02-13T00:00:00.000Z,"py_3SzBTjRrkwwcYwep1WVjxFMb","","",2026-09-06T20:46:41.432Z
"stripe_eu_tx_txn_3T1TnTRrkwwcYwep0qUftFfE","payment","charge","",0.00,0.16,-0.16,eur,"available",2026-02-16T15:33:18.000Z,2026-02-19T00:00:00.000Z,"py_3T1TnTRrkwwcYwep04EdE49k","","",2026-09-06T20:46:41.223Z
"stripe_eu_tx_txn_3T2SsURrkwwcYwep0EeZT0fV","charge","charge","",39.99,0.85,39.14,eur,"available",2026-02-19T08:49:40.000Z,2026-02-24T00:00:00.000Z,"ch_3T2SsURrkwwcYwep02GfXa8W","","",2026-09-06T20:46:41.008Z
"stripe_eu_tx_txn_1T2SvcRrkwwcYwepWYoXukYT","contribution","contribution","Climate contribution",-0.20,0.00,-0.20,eur,"available",2026-02-19T08:49:44.000Z,2026-02-24T00:00:00.000Z,"","","",2026-09-06T20:46:40.803Z
"stripe_eu_tx_txn_3T3c2GRrkwwcYwep17za1uD8","payment","charge","",0.00,0.16,-0.16,eur,"available",2026-02-22T12:45:23.000Z,2026-02-26T00:00:00.000Z,"py_3T3c2GRrkwwcYwep1SEkXPZ3","","",2026-09-06T20:46:40.707Z
"stripe_eu_tx_po_1T49LDRrkwwcYwepVxnMxQDz","payout","payout","STRIPE PAYOUT",-38.60,0.00,-38.60,eur,"paid",2026-02-24T00:19:07.000Z,2026-02-24T00:00:00.000Z,"","stripe_eu_tx_po_1T49LDRrkwwcYwepVxnMxQDz","",2026-09-06T20:46:55.067Z
"stripe_eu_tx_txn_1T49LDRrkwwcYwepQ4mXoLvm","payout","payout","STRIPE PAYOUT",-38.60,0.00,-38.60,eur,"available",2026-02-24T00:19:07.000Z,2026-02-24T00:19:07.000Z,"po_1T49LDRrkwwcYwepVxnMxQDz","","",2026-09-06T20:46:40.514Z
"stripe_eu_tx_txn_3T4dUERrkwwcYwep1ZQ0gk4b","charge","charge","",29.99,0.70,29.29,eur,"available",2026-02-25T08:30:27.000Z,2026-03-02T00:00:00.000Z,"ch_3T4dUERrkwwcYwep12Oam9Z2","","",2026-09-06T20:46:40.418Z
"stripe_eu_tx_txn_1T4dUJRrkwwcYwepj2onCWXV","contribution","contribution","Climate contribution",-0.15,0.00,-0.15,eur,"available",2026-02-25T08:30:31.000Z,2026-03-02T00:00:00.000Z,"","","",2026-09-06T20:46:39.856Z
"stripe_eu_tx_txn_3T4uOsRrkwwcYwep1ZLIMDXn","charge","charge","",39.99,1.55,38.44,eur,"available",2026-02-26T02:34:03.000Z,2026-03-03T00:00:00.000Z,"ch_3T4uOsRrkwwcYwep1zRSm9BF","","",2026-09-06T20:46:39.760Z
"stripe_eu_tx_txn_1T4uOxRrkwwcYwepbMSAxgpD","contribution","contribution","Climate contribution",-0.20,0.00,-0.20,eur,"available",2026-02-26T02:34:07.000Z,2026-03-03T00:00:00.000Z,"","","",2026-09-06T20:46:39.557Z
"stripe_eu_tx_txn_3T6AndRrkwwcYwep0FD8FIxe","charge","charge","",144.98,2.42,142.56,eur,"available",2026-03-01T14:16:50.000Z,2026-03-05T00:00:00.000Z,"ch_3T6AndRrkwwcYwep0qzntmsz","","",2026-09-06T20:46:39.461Z
"stripe_eu_tx_txn_1T6AnjRrkwwcYwepx1YTXNra","contribution","contribution","Climate contribution",-0.72,0.00,-0.72,eur,"available",2026-03-01T14:16:55.000Z,2026-03-05T00:00:00.000Z,"","","",2026-09-06T20:46:39.223Z
"stripe_eu_tx_txn_1T6K8NRrkwwcYwepOqxLdFA2","payout","payout","STRIPE PAYOUT",-28.98,0.00,-28.98,eur,"available",2026-03-02T00:14:50.000Z,2026-03-02T00:14:50.000Z,"po_1T6K8MRrkwwcYwepuWGHjQL8","","",2026-09-06T20:46:39.128Z
"stripe_eu_tx_po_1T6K8MRrkwwcYwepuWGHjQL8","payout","payout","STRIPE PAYOUT",-28.98,0.00,-28.98,eur,"paid",2026-03-02T00:14:50.000Z,2026-03-02T00:00:00.000Z,"","stripe_eu_tx_po_1T6K8MRrkwwcYwepuWGHjQL8","",2026-09-06T20:46:54.972Z
"stripe_eu_tx_po_1T6gg0RrkwwcYwepPr3MthtM","payout","payout","STRIPE PAYOUT",-38.24,0.00,-38.24,eur,"paid",2026-03-03T00:19:04.000Z,2026-03-03T00:00:00.000Z,"","stripe_eu_tx_po_1T6gg0RrkwwcYwepPr3MthtM","",2026-09-06T20:46:54.876Z
"stripe_eu_tx_txn_1T6gg0RrkwwcYwep7PqaPWdA","payout","payout","STRIPE PAYOUT",-38.24,0.00,-38.24,eur,"available",2026-03-03T00:19:04.000Z,2026-03-03T00:19:04.000Z,"po_1T6gg0RrkwwcYwepPr3MthtM","","",2026-09-06T20:46:39.032Z
"stripe_eu_tx_po_1T7PyuRrkwwcYwepjCFoH2yT","payout","payout","STRIPE PAYOUT",-141.84,0.00,-141.84,eur,"paid",2026-03-05T00:41:36.000Z,2026-03-05T00:00:00.000Z,"","stripe_eu_tx_po_1T7PyuRrkwwcYwepjCFoH2yT","",2026-09-06T20:46:54.780Z
"stripe_eu_tx_txn_1T7PyvRrkwwcYweprNgEJttB","payout","payout","STRIPE PAYOUT",-141.84,0.00,-141.84,eur,"available",2026-03-05T00:41:36.000Z,2026-03-05T00:41:36.000Z,"po_1T7PyuRrkwwcYwepjCFoH2yT","","",2026-09-06T20:46:38.936Z
"stripe_eu_tx_txn_3TAS5xRrkwwcYwep1o0nXdYh","payment","charge","",0.00,0.20,-0.20,eur,"available",2026-03-13T09:33:28.000Z,2026-03-18T00:00:00.000Z,"py_3TAS5xRrkwwcYwep1WCcjeqb","","",2026-09-06T20:46:38.840Z
"stripe_eu_tx_txn_3TArJQRrkwwcYwep1rCXtycD","charge","charge","",69.98,1.30,68.68,eur,"available",2026-03-14T12:29:01.000Z,2026-03-19T00:00:00.000Z,"ch_3TArJQRrkwwcYwep1euDxquO","","",2026-09-06T20:46:38.642Z
"stripe_eu_tx_txn_1TArJURrkwwcYwepFxGuBwiq","contribution","contribution","Climate contribution",-0.35,0.00,-0.35,eur,"available",2026-03-14T12:29:04.000Z,2026-03-19T00:00:00.000Z,"","","",2026-09-06T20:46:38.431Z
"stripe_eu_tx_txn_3TAsK2RrkwwcYwep0wsuaT3w","payment","charge","",0.00,0.24,-0.24,eur,"available",2026-03-14T13:33:45.000Z,2026-03-19T00:00:00.000Z,"py_3TAsK2RrkwwcYwep0rT1TIUz","","",2026-09-06T20:46:38.335Z
"stripe_eu_tx_txn_3TCJsERrkwwcYwep0KrHg1yR","charge","charge","",39.99,0.85,39.14,eur,"available",2026-03-18T13:10:59.000Z,2026-03-23T00:00:00.000Z,"ch_3TCJsERrkwwcYwep0iZJueLR","","",2026-09-06T20:46:38.138Z
"stripe_eu_tx_txn_1TCJsJRrkwwcYwep4Wesxnti","contribution","contribution","Climate contribution",-0.20,0.00,-0.20,eur,"available",2026-03-18T13:11:03.000Z,2026-03-23T00:00:00.000Z,"","","",2026-09-06T20:46:37.925Z
"stripe_eu_tx_po_1TCU3IRrkwwcYwep7ak4w35I","payout","payout","STRIPE PAYOUT",-67.89,0.00,-67.89,eur,"paid",2026-03-19T00:03:04.000Z,2026-03-19T00:00:00.000Z,"","stripe_eu_tx_po_1TCU3IRrkwwcYwep7ak4w35I","",2026-09-06T20:46:54.685Z
"stripe_eu_tx_txn_1TCU3IRrkwwcYwepYugEDpTb","payout","payout","STRIPE PAYOUT",-67.89,0.00,-67.89,eur,"available",2026-03-19T00:03:04.000Z,2026-03-19T00:03:04.000Z,"po_1TCU3IRrkwwcYwep7ak4w35I","","",2026-09-06T20:46:37.827Z
"stripe_eu_tx_txn_3TCgrURrkwwcYwep0YXvm8J7","charge","charge","",34.99,0.77,34.22,eur,"available",2026-03-19T13:43:46.000Z,2026-03-24T00:00:00.000Z,"ch_3TCgrURrkwwcYwep0MNWC4e8","","",2026-09-06T20:46:37.731Z
"stripe_eu_tx_txn_1TCgrZRrkwwcYwepvqPcS4bV","contribution","contribution","Climate contribution",-0.17,0.00,-0.17,eur,"available",2026-03-19T13:43:49.000Z,2026-03-24T00:00:00.000Z,"","","",2026-09-06T20:46:37.508Z
"stripe_eu_tx_txn_3TDuT4RrkwwcYwep1zesBHYX","payment","charge","",0.00,0.16,-0.16,eur,"available",2026-03-22T22:27:37.000Z,2026-03-26T00:00:00.000Z,"py_3TDuT4RrkwwcYwep1ISvGSos","","",2026-09-06T20:46:37.412Z
"stripe_eu_tx_po_1TDwRhRrkwwcYwepUIqwrL1E","payout","payout","STRIPE PAYOUT",-38.94,0.00,-38.94,eur,"paid",2026-03-23T00:34:17.000Z,2026-03-23T00:00:00.000Z,"","stripe_eu_tx_po_1TDwRhRrkwwcYwepUIqwrL1E","",2026-09-06T20:46:54.590Z
"stripe_eu_tx_txn_1TDwRhRrkwwcYwep9NgwW3JF","payout","payout","STRIPE PAYOUT",-38.94,0.00,-38.94,eur,"available",2026-03-23T00:34:17.000Z,2026-03-23T00:34:17.000Z,"po_1TDwRhRrkwwcYwepUIqwrL1E","","",2026-09-06T20:46:37.187Z
"stripe_eu_tx_po_1TEIQPRrkwwcYwep4wBEmB66","payout","payout","STRIPE PAYOUT",-34.05,0.00,-34.05,eur,"paid",2026-03-24T00:02:25.000Z,2026-03-24T00:00:00.000Z,"","stripe_eu_tx_po_1TEIQPRrkwwcYwep4wBEmB66","",2026-09-06T20:46:54.494Z
"stripe_eu_tx_txn_1TEIQPRrkwwcYwepyGLD1FAd","payout","payout","STRIPE PAYOUT",-34.05,0.00,-34.05,eur,"available",2026-03-24T00:02:25.000Z,2026-03-24T00:02:25.000Z,"po_1TEIQPRrkwwcYwep4wBEmB66","","",2026-09-06T20:46:37.091Z
"stripe_eu_tx_txn_3TEUw1RrkwwcYwep1mMbYaAJ","payment","charge","",0.00,0.16,-0.16,eur,"available",2026-03-24T13:23:56.000Z,2026-03-27T00:00:00.000Z,"py_3TEUw1RrkwwcYwep1NQ8T0HH","","",2026-09-06T20:46:36.995Z
"stripe_eu_tx_txn_3TG8URRrkwwcYwep1eqtkuES","charge","charge","",29.99,1.22,28.77,eur,"available",2026-03-29T01:50:12.000Z,2026-04-02T00:00:00.000Z,"ch_3TG8URRrkwwcYwep12OHecA0","","",2026-09-06T20:46:36.798Z
"stripe_eu_tx_txn_1TG8UXRrkwwcYwepOeFy9e3m","contribution","contribution","Climate contribution",-0.15,0.00,-0.15,eur,"available",2026-03-29T01:50:17.000Z,2026-04-02T00:00:00.000Z,"","","",2026-09-06T20:46:36.600Z
"stripe_eu_tx_txn_3TH2KrRrkwwcYwep1XdNSY1q","charge","charge","",144.98,2.42,142.56,eur,"available",2026-03-31T13:28:03.000Z,2026-04-07T00:00:00.000Z,"ch_3TH2KrRrkwwcYwep1njcWN9l","","",2026-09-06T20:46:36.504Z
"stripe_eu_tx_txn_1TH2KxRrkwwcYwepwY4E0ozc","contribution","contribution","Climate contribution",-0.72,0.00,-0.72,eur,"available",2026-03-31T13:28:07.000Z,2026-04-07T00:00:00.000Z,"","","",2026-09-06T20:46:36.288Z
"stripe_eu_tx_txn_3THRDzRrkwwcYwep1IWuTvYj","charge","charge","",29.99,1.00,28.99,eur,"available",2026-04-01T16:02:38.000Z,2026-04-08T00:00:00.000Z,"ch_3THRDzRrkwwcYwep1cJjmadA","","",2026-09-06T20:46:36.192Z
"stripe_eu_tx_txn_1THRE5RrkwwcYwepdoRXQiAO","contribution","contribution","Climate contribution",-0.15,0.00,-0.15,eur,"available",2026-04-01T16:02:41.000Z,2026-04-08T00:00:00.000Z,"","","",2026-09-06T20:46:35.974Z
"stripe_eu_tx_txn_1THZBHRrkwwcYwept9slHFs8","payout","payout","STRIPE PAYOUT",-28.30,0.00,-28.30,eur,"available",2026-04-02T00:32:19.000Z,2026-04-02T00:32:19.000Z,"po_1THZBHRrkwwcYwepmcvirfFj","","",2026-09-06T20:46:35.879Z
"stripe_eu_tx_po_1THZBHRrkwwcYwepmcvirfFj","payout","payout","STRIPE PAYOUT",-28.30,0.00,-28.30,eur,"paid",2026-04-02T00:32:19.000Z,2026-04-02T00:00:00.000Z,"","stripe_eu_tx_po_1THZBHRrkwwcYwepmcvirfFj","",2026-09-06T20:46:54.398Z
"stripe_eu_tx_txn_3THRDzRrkwwcYwep1VFhNywK","refund","refund","REFUND FOR CHARGE",-29.99,0.00,-29.99,eur,"available",2026-04-04T07:09:38.000Z,2026-04-08T00:00:00.000Z,"re_3THRDzRrkwwcYwep1WWGaOaB","","",2026-09-06T20:46:35.783Z
"stripe_eu_tx_txn_1TJNEORrkwwcYwepYf0TQPJ2","payout","payout","STRIPE PAYOUT",-141.84,0.00,-141.84,eur,"available",2026-04-07T00:11:00.000Z,2026-04-07T00:11:00.000Z,"po_1TJNEORrkwwcYwepQyjbvpKO","","",2026-09-06T20:46:35.687Z
"stripe_eu_tx_po_1TJNEORrkwwcYwepQyjbvpKO","payout","payout","STRIPE PAYOUT",-141.84,0.00,-141.84,eur,"paid",2026-04-07T00:11:00.000Z,2026-04-07T00:00:00.000Z,"","stripe_eu_tx_po_1TJNEORrkwwcYwepQyjbvpKO","",2026-09-06T20:46:54.303Z
"stripe_eu_tx_txn_3TMlfaRrkwwcYwep1OK1tykj","charge","charge","",29.99,0.70,29.29,eur,"available",2026-04-16T08:53:09.000Z,2026-04-21T00:00:00.000Z,"ch_3TMlfaRrkwwcYwep1rKZ3KqW","","",2026-09-06T20:46:35.591Z
"stripe_eu_tx_txn_1TMlfhRrkwwcYwepj4J4NWrv","contribution","contribution","Climate contribution",-0.15,0.00,-0.15,eur,"available",2026-04-16T08:53:13.000Z,2026-04-21T00:00:00.000Z,"","","",2026-09-06T20:46:35.373Z
"stripe_eu_tx_txn_3TOEwqRrkwwcYwep0PWa3mde","charge","charge","",39.99,0.85,39.14,eur,"available",2026-04-20T10:21:02.000Z,2026-04-23T00:00:00.000Z,"ch_3TOEwqRrkwwcYwep09cmTfCD","","",2026-09-06T20:46:35.277Z
"stripe_eu_tx_txn_1TOEwwRrkwwcYwepW8VqWcJu","contribution","contribution","Climate contribution",-0.20,0.00,-0.20,eur,"available",2026-04-20T10:21:06.000Z,2026-04-23T00:00:00.000Z,"","","",2026-09-06T20:46:35.056Z
"stripe_eu_tx_txn_3TOFWURrkwwcYwep1T5ie17D","payment","charge","",0.00,0.22,-0.22,eur,"available",2026-04-20T10:57:52.000Z,2026-04-23T00:00:00.000Z,"py_3TOFWURrkwwcYwep15W4PN6u","","",2026-09-06T20:46:34.959Z
"stripe_eu_tx_po_1TOSH7RrkwwcYwep9gkxsA8o","payout","payout","STRIPE PAYOUT",-27.99,0.00,-27.99,eur,"paid",2026-04-21T00:34:49.000Z,2026-04-21T00:00:00.000Z,"","stripe_eu_tx_po_1TOSH7RrkwwcYwep9gkxsA8o","",2026-09-06T20:46:54.207Z
"stripe_eu_tx_txn_1TOSH7RrkwwcYwepKSf8T5hk","payout","payout","STRIPE PAYOUT",-27.99,0.00,-27.99,eur,"available",2026-04-21T00:34:49.000Z,2026-04-21T00:34:49.000Z,"po_1TOSH7RrkwwcYwep9gkxsA8o","","",2026-09-06T20:46:34.743Z
"stripe_eu_tx_txn_1TPB2JRrkwwcYwepnkrCXsYP","payout","payout","STRIPE PAYOUT",-38.72,0.00,-38.72,eur,"available",2026-04-23T00:22:31.000Z,2026-04-23T00:22:31.000Z,"po_1TPB2JRrkwwcYwep4fv1hM3m","","",2026-09-06T20:46:34.647Z
"stripe_eu_tx_po_1TPB2JRrkwwcYwep4fv1hM3m","payout","payout","STRIPE PAYOUT",-38.72,0.00,-38.72,eur,"paid",2026-04-23T00:22:31.000Z,2026-04-23T00:00:00.000Z,"","stripe_eu_tx_po_1TPB2JRrkwwcYwep4fv1hM3m","",2026-09-06T20:46:54.111Z
"stripe_eu_tx_txn_3TQnuORrkwwcYwep1Dfft678","charge","charge","",39.99,0.85,39.14,eur,"available",2026-04-27T12:05:04.000Z,2026-04-30T00:00:00.000Z,"ch_3TQnuORrkwwcYwep1Fj1fZK8","","",2026-09-06T20:46:34.551Z
"stripe_eu_tx_txn_1TQnuSRrkwwcYwepnuox7Id9","contribution","contribution","Climate contribution",-0.20,0.00,-0.20,eur,"available",2026-04-27T12:05:08.000Z,2026-04-30T00:00:00.000Z,"","","",2026-09-06T20:46:34.298Z
"stripe_eu_tx_txn_3TR8vSRrkwwcYwep0aagA2z5","charge","charge","",54.98,1.07,53.91,eur,"available",2026-04-28T10:31:36.000Z,2026-05-04T00:00:00.000Z,"ch_3TR8vSRrkwwcYwep0ZWjMcZN","","",2026-09-06T20:46:34.202Z
"stripe_eu_tx_txn_1TR8vYRrkwwcYwepSX2F2Q1D","contribution","contribution","Climate contribution",-0.27,0.00,-0.27,eur,"available",2026-04-28T10:31:39.000Z,2026-05-04T00:00:00.000Z,"","","",2026-09-06T20:46:33.987Z
"stripe_eu_tx_txn_3TRYzSRrkwwcYwep0XTghGkM","charge","charge","",45.97,0.94,45.03,eur,"available",2026-04-29T14:22:02.000Z,2026-05-05T00:00:00.000Z,"ch_3TRYzSRrkwwcYwep0aI7VStR","","",2026-09-06T20:46:33.891Z
"stripe_eu_tx_txn_1TRZ06RrkwwcYwepdftiAkTO","contribution","contribution","Climate contribution",-0.23,0.00,-0.23,eur,"available",2026-04-29T14:22:06.000Z,2026-05-05T00:00:00.000Z,"","","",2026-09-06T20:46:33.674Z
"stripe_eu_tx_po_1TRiQ1RrkwwcYwepbV8qdLoY","payout","payout","STRIPE PAYOUT",-38.94,0.00,-38.94,eur,"paid",2026-04-30T00:25:29.000Z,2026-04-30T00:00:00.000Z,"","stripe_eu_tx_po_1TRiQ1RrkwwcYwepbV8qdLoY","",2026-09-06T20:46:54.016Z
"stripe_eu_tx_txn_1TRiQ1RrkwwcYwepF4vz2uJu","payout","payout","STRIPE PAYOUT",-38.94,0.00,-38.94,eur,"available",2026-04-30T00:25:29.000Z,2026-04-30T00:25:29.000Z,"po_1TRiQ1RrkwwcYwepbV8qdLoY","","",2026-09-06T20:46:33.578Z
"stripe_eu_tx_txn_3TSzMsRrkwwcYwep11EAvI3P","charge","charge","",284.90,4.52,280.38,eur,"available",2026-05-03T12:46:06.000Z,2026-05-07T00:00:00.000Z,"ch_3TSzMsRrkwwcYwep1HSVzJ8A","","",2026-09-06T20:46:33.483Z
"stripe_eu_tx_txn_1TSzPSRrkwwcYwepMMBPN6Ow","contribution","contribution","Climate contribution",-1.42,0.00,-1.42,eur,"available",2026-05-03T12:46:10.000Z,2026-05-07T00:00:00.000Z,"","","",2026-09-06T20:46:33.261Z
"stripe_eu_tx_txn_3TT0p4RrkwwcYwep1MNarUZe","payment","charge","",0.00,0.21,-0.21,eur,"available",2026-05-03T14:16:45.000Z,2026-05-07T00:00:00.000Z,"py_3TT0p4RrkwwcYwep1IsYo8jG","","",2026-09-06T20:46:33.165Z
"stripe_eu_tx_po_1TT9y1RrkwwcYwepGzjrFIdU","payout","payout","STRIPE PAYOUT",-53.64,0.00,-53.64,eur,"paid",2026-05-04T00:02:33.000Z,2026-05-04T00:00:00.000Z,"","stripe_eu_tx_po_1TT9y1RrkwwcYwepGzjrFIdU","",2026-09-06T20:46:53.920Z
"stripe_eu_tx_txn_1TT9y1RrkwwcYweplHFp7MF2","payout","payout","STRIPE PAYOUT",-53.64,0.00,-53.64,eur,"available",2026-05-04T00:02:33.000Z,2026-05-04T00:02:33.000Z,"po_1TT9y1RrkwwcYwepGzjrFIdU","","",2026-09-06T20:46:32.947Z
"stripe_eu_tx_po_1TTWeyRrkwwcYwepAFPG1e0z","payout","payout","STRIPE PAYOUT",-44.80,0.00,-44.80,eur,"paid",2026-05-05T00:16:24.000Z,2026-05-05T00:00:00.000Z,"","stripe_eu_tx_po_1TTWeyRrkwwcYwepAFPG1e0z","",2026-09-06T20:46:53.825Z
"stripe_eu_tx_txn_1TTWeyRrkwwcYwepb6BnIAfh","payout","payout","STRIPE PAYOUT",-44.80,0.00,-44.80,eur,"available",2026-05-05T00:16:24.000Z,2026-05-05T00:16:24.000Z,"po_1TTWeyRrkwwcYwepAFPG1e0z","","",2026-09-06T20:46:32.851Z
"stripe_eu_tx_txn_1TUFpWRrkwwcYwepOlzpA2si","payout","payout","STRIPE PAYOUT",-278.75,0.00,-278.75,eur,"available",2026-05-07T00:30:17.000Z,2026-05-07T00:30:17.000Z,"po_1TUFpVRrkwwcYwepdieDSIqT","","",2026-09-06T20:46:32.755Z
"stripe_eu_tx_po_1TUFpVRrkwwcYwepdieDSIqT","payout","payout","STRIPE PAYOUT",-278.75,0.00,-278.75,eur,"paid",2026-05-07T00:30:17.000Z,2026-05-07T00:00:00.000Z,"","stripe_eu_tx_po_1TUFpVRrkwwcYwepdieDSIqT","",2026-09-06T20:46:53.729Z
"stripe_eu_tx_txn_3TXhANRrkwwcYwep0VwwAbM9","payment","charge","",0.00,0.20,-0.20,eur,"available",2026-05-16T12:18:06.000Z,2026-05-21T00:00:00.000Z,"py_3TXhANRrkwwcYwep0Hx8JOo1","","",2026-09-06T20:46:32.659Z
"stripe_eu_tx_txn_3TaxywRrkwwcYwep0nknWw0e","charge","charge","",84.98,1.52,83.46,eur,"available",2026-05-25T12:51:48.000Z,2026-05-28T00:00:00.000Z,"ch_3TaxywRrkwwcYwep09TyG2Oy","","",2026-09-06T20:46:32.460Z
"stripe_eu_tx_txn_1Taxz2RrkwwcYwep07SvxrTE","contribution","contribution","Climate contribution",-0.42,0.00,-0.42,eur,"available",2026-05-25T12:51:52.000Z,2026-05-28T00:00:00.000Z,"","","",2026-09-06T20:46:32.238Z
"stripe_eu_tx_txn_1TbVUrRrkwwcYwep2Wm1XSWh","stripe_fee","fee","Revenue recognition (2026-05-25): Standalone charges",-0.21,0.00,-0.21,eur,"available",2026-05-27T00:38:56.000Z,2026-05-27T00:38:56.000Z,"","","",2026-09-06T20:46:32.142Z
"stripe_eu_tx_txn_1TbryNRrkwwcYwept7jxQIII","payout","payout","STRIPE PAYOUT",-82.63,0.00,-82.63,eur,"available",2026-05-28T00:38:55.000Z,2026-05-28T00:38:55.000Z,"po_1TbryNRrkwwcYwepAHfw64C5","","",2026-09-06T20:46:32.046Z
"stripe_eu_tx_po_1TbryNRrkwwcYwepAHfw64C5","payout","payout","STRIPE PAYOUT",-82.63,0.00,-82.63,eur,"paid",2026-05-28T00:38:55.000Z,2026-05-28T00:00:00.000Z,"","stripe_eu_tx_po_1TbryNRrkwwcYwepAHfw64C5","",2026-09-06T20:46:53.634Z
"stripe_eu_tx_txn_3Tf2qURrkwwcYwep1JTdxIH6","charge","charge","",89.99,1.60,88.39,eur,"available",2026-06-05T18:51:56.000Z,2026-06-10T00:00:00.000Z,"ch_3Tf2qURrkwwcYwep1BgvrjlG","","",2026-09-06T20:46:31.950Z
"stripe_eu_tx_txn_1Tf2qaRrkwwcYwep7yjFPE3w","contribution","contribution","Climate contribution",-0.45,0.00,-0.45,eur,"available",2026-06-05T18:52:00.000Z,2026-06-10T00:00:00.000Z,"","","",2026-09-06T20:46:31.735Z
"stripe_eu_tx_txn_1TfUl4RrkwwcYwepudxKe63Y","stripe_fee","fee","Revenue recognition (2026-06-05): Standalone charges",-0.22,0.00,-0.22,eur,"available",2026-06-07T00:40:09.000Z,2026-06-07T00:40:09.000Z,"","","",2026-09-06T20:46:31.639Z
"stripe_eu_tx_po_1TgZgbRrkwwcYwep9WTER9qo","payout","payout","STRIPE PAYOUT",-87.72,0.00,-87.72,eur,"paid",2026-06-10T00:08:01.000Z,2026-06-10T00:00:00.000Z,"","stripe_eu_tx_po_1TgZgbRrkwwcYwep9WTER9qo","",2026-09-06T20:46:53.539Z
"stripe_eu_tx_txn_1TgZgbRrkwwcYwephSiOj55f","payout","payout","STRIPE PAYOUT",-87.72,0.00,-87.72,eur,"available",2026-06-10T00:08:01.000Z,2026-06-10T00:08:01.000Z,"po_1TgZgbRrkwwcYwep9WTER9qo","","",2026-09-06T20:46:31.543Z
"stripe_eu_tx_txn_3TitsVRrkwwcYwep03OyeUT2","charge","charge","",49.46,0.99,48.47,eur,"available",2026-06-16T10:05:56.000Z,2026-06-19T00:00:00.000Z,"ch_3TitsVRrkwwcYwep0pggT8DE","","",2026-09-06T20:46:31.447Z
"stripe_eu_tx_txn_1TitsaRrkwwcYwepcNc62lHj","contribution","contribution","Climate contribution",-0.25,0.00,-0.25,eur,"available",2026-06-16T10:06:00.000Z,2026-06-19T00:00:00.000Z,"","","",2026-09-06T20:46:31.141Z
"stripe_eu_tx_txn_1TjUc3RrkwwcYwepMwOPSs1L","stripe_fee","fee","Revenue recognition (2026-06-16): Standalone charges",-0.12,0.00,-0.12,eur,"available",2026-06-18T01:19:23.000Z,2026-06-18T01:19:23.000Z,"","","",2026-09-06T20:46:31.045Z
"stripe_eu_tx_txn_1TjpuKRrkwwcYwepWbSGY8AD","payout","payout","STRIPE PAYOUT",-48.10,0.00,-48.10,eur,"available",2026-06-19T00:03:40.000Z,2026-06-19T00:03:40.000Z,"po_1TjpuKRrkwwcYwepqWFBq66Z","","",2026-09-06T20:46:30.950Z
"stripe_eu_tx_po_1TjpuKRrkwwcYwepqWFBq66Z","payout","payout","STRIPE PAYOUT",-48.10,0.00,-48.10,eur,"paid",2026-06-19T00:03:40.000Z,2026-06-19T00:00:00.000Z,"","stripe_eu_tx_po_1TjpuKRrkwwcYwepqWFBq66Z","",2026-09-06T20:46:53.443Z
"stripe_eu_tx_txn_3TonoCRrkwwcYwep1GA8NIWP","charge","charge","",104.98,1.82,103.16,eur,"available",2026-07-02T16:49:54.000Z,2026-07-07T00:00:00.000Z,"ch_3TonoCRrkwwcYwep1fIXGchS","","",2026-09-06T20:46:30.854Z
"stripe_eu_tx_txn_1TonoIRrkwwcYwepqlSNSIqP","contribution","contribution","Climate contribution",-0.52,0.00,-0.52,eur,"available",2026-07-02T16:49:58.000Z,2026-07-07T00:00:00.000Z,"","","",2026-09-06T20:46:30.581Z
"stripe_eu_tx_txn_3Tp8tnRrkwwcYwep0biMYl7Q","charge","charge","",69.99,1.58,68.41,eur,"available",2026-07-03T15:21:04.000Z,2026-07-08T00:00:00.000Z,"ch_3Tp8tnRrkwwcYwep012NNPQm","","",2026-09-06T20:46:30.485Z
"stripe_eu_tx_txn_1Tp8tsRrkwwcYwepAlIztNtS","contribution","contribution","Climate contribution",-0.35,0.00,-0.35,eur,"available",2026-07-03T15:21:08.000Z,2026-07-08T00:00:00.000Z,"","","",2026-09-06T20:46:30.268Z
"stripe_eu_tx_txn_1TpHoWRrkwwcYweprAGO8xwX","stripe_fee","fee","Revenue recognition (2026-07-02): Standalone charges",-0.26,0.00,-0.26,eur,"available",2026-07-04T00:52:12.000Z,2026-07-04T00:52:12.000Z,"","","",2026-09-06T20:46:30.172Z
"stripe_eu_tx_txn_1Tpe9NRrkwwcYwepYk0LQCoo","stripe_fee","fee","Revenue recognition (2026-07-03): Standalone charges",-0.17,0.00,-0.17,eur,"available",2026-07-05T00:43:12.000Z,2026-07-05T00:43:12.000Z,"","","",2026-09-06T20:46:30.076Z
"stripe_eu_tx_txn_1TqMxQRrkwwcYwep3BAOePvW","payout","payout","STRIPE PAYOUT",-102.21,0.00,-102.21,eur,"available",2026-07-07T00:33:52.000Z,2026-07-07T00:33:52.000Z,"po_1TqMxQRrkwwcYwep86yvRSzq","","",2026-09-06T20:46:29.981Z
"stripe_eu_tx_po_1TqMxQRrkwwcYwep86yvRSzq","payout","payout","STRIPE PAYOUT",-102.21,0.00,-102.21,eur,"paid",2026-07-07T00:33:52.000Z,2026-07-07T00:00:00.000Z,"","stripe_eu_tx_po_1TqMxQRrkwwcYwep86yvRSzq","",2026-09-06T20:46:53.348Z
"stripe_eu_tx_txn_1Tqj1GRrkwwcYwepEKbwXR2S","payout","payout","STRIPE PAYOUT",-68.06,0.00,-68.06,eur,"available",2026-07-08T00:07:18.000Z,2026-07-08T00:07:18.000Z,"po_1Tqj1GRrkwwcYwepBOo9FXCU","","",2026-09-06T20:46:29.885Z
"stripe_eu_tx_po_1Tqj1GRrkwwcYwepBOo9FXCU","payout","payout","STRIPE PAYOUT",-68.06,0.00,-68.06,eur,"paid",2026-07-08T00:07:18.000Z,2026-07-08T00:00:00.000Z,"","stripe_eu_tx_po_1Tqj1GRrkwwcYwepBOo9FXCU","",2026-09-06T20:46:53.252Z
"stripe_eu_tx_txn_3TrNudRrkwwcYwep0zY0M7LI","charge","charge","",39.99,0.85,39.14,eur,"available",2026-07-09T19:47:13.000Z,2026-07-14T00:00:00.000Z,"ch_3TrNudRrkwwcYwep0kVBwEIg","","",2026-09-06T20:46:29.789Z
"stripe_eu_tx_txn_1TrNuiRrkwwcYwepZOrrHdLo","contribution","contribution","Climate contribution",-0.20,0.00,-0.20,eur,"available",2026-07-09T19:47:16.000Z,2026-07-14T00:00:00.000Z,"","","",2026-09-06T20:46:29.568Z
"stripe_eu_tx_txn_1Trp7RRrkwwcYwepAbavYcye","stripe_fee","fee","Revenue recognition (2026-07-09): Standalone charges",-0.10,0.00,-0.10,eur,"available",2026-07-11T00:50:12.000Z,2026-07-11T00:50:12.000Z,"","","",2026-09-06T20:46:29.473Z
"stripe_eu_tx_txn_1TstnPRrkwwcYwepegWGp1P6","payout","payout","STRIPE PAYOUT",-38.84,0.00,-38.84,eur,"available",2026-07-14T00:01:58.000Z,2026-07-14T00:01:58.000Z,"po_1TstnORrkwwcYwepEqY4tWB7","","",2026-09-06T20:46:29.377Z
"stripe_eu_tx_po_1TstnORrkwwcYwepEqY4tWB7","payout","payout","STRIPE PAYOUT",-38.84,0.00,-38.84,eur,"paid",2026-07-14T00:01:58.000Z,2026-07-14T00:00:00.000Z,"","stripe_eu_tx_po_1TstnORrkwwcYwepEqY4tWB7","",2026-09-06T20:46:53.156Z
"stripe_eu_tx_txn_3TtjecRrkwwcYwep1EDBi6dh","charge","charge","",37.99,0.82,37.17,eur,"available",2026-07-16T07:24:24.000Z,2026-07-21T00:00:00.000Z,"ch_3TtjecRrkwwcYwep1xLy9t6o","","",2026-09-06T20:46:29.281Z
"stripe_eu_tx_txn_1TtjeiRrkwwcYwep7FQKQmxX","contribution","contribution","Climate contribution",-0.19,0.00,-0.19,eur,"available",2026-07-16T07:24:28.000Z,2026-07-21T00:00:00.000Z,"","","",2026-09-06T20:46:29.059Z
"stripe_eu_tx_txn_1TuMUURrkwwcYwepVyRQcros","stripe_fee","fee","Revenue recognition (2026-07-16): Standalone charges",-0.09,0.00,-0.09,eur,"available",2026-07-18T00:52:30.000Z,2026-07-18T00:52:30.000Z,"","","",2026-09-06T20:46:28.964Z
"stripe_eu_tx_po_1TvRW5RrkwwcYwepAWCVstvX","payout","payout","STRIPE PAYOUT",-36.89,0.00,-36.89,eur,"paid",2026-07-21T00:26:37.000Z,2026-07-21T00:00:00.000Z,"","stripe_eu_tx_po_1TvRW5RrkwwcYwepAWCVstvX","",2026-09-06T20:46:53.061Z
"stripe_eu_tx_txn_1TvRW5RrkwwcYwep6n2eBK2G","payout","payout","STRIPE PAYOUT",-36.89,0.00,-36.89,eur,"available",2026-07-21T00:26:37.000Z,2026-07-21T00:26:37.000Z,"po_1TvRW5RrkwwcYwepAWCVstvX","","",2026-09-06T20:46:28.868Z
"stripe_eu_tx_txn_3TzcRERrkwwcYwep0NIP8g6r","charge","charge","",29.99,0.70,29.29,eur,"available",2026-08-01T12:54:53.000Z,2026-08-06T00:00:00.000Z,"ch_3TzcRERrkwwcYwep0rjIsUMl","","",2026-09-06T20:46:28.773Z
"stripe_eu_tx_txn_1TzcRJRrkwwcYwepnMZCVevV","contribution","contribution","Climate contribution",-0.15,0.00,-0.15,eur,"available",2026-08-01T12:54:57.000Z,2026-08-06T00:00:00.000Z,"","","",2026-09-06T20:46:28.527Z
"stripe_eu_tx_txn_1U0ADkRrkwwcYwepZyu4pQtL","stripe_fee","fee","Revenue recognition (2026-08-01): Standalone charges",-0.07,0.00,-0.07,eur,"available",2026-08-03T00:59:11.000Z,2026-08-03T00:59:11.000Z,"","","",2026-09-06T20:46:28.432Z
"stripe_eu_tx_txn_1U1FQERrkwwcYwep67pyiMHL","payout","payout","STRIPE PAYOUT",-29.07,0.00,-29.07,eur,"available",2026-08-06T00:44:34.000Z,2026-08-06T00:44:34.000Z,"po_1U1FQERrkwwcYwepOa5Y60Rs","","",2026-09-06T20:46:28.336Z
"stripe_eu_tx_po_1U1FQERrkwwcYwepOa5Y60Rs","payout","payout","STRIPE PAYOUT",-29.07,0.00,-29.07,eur,"paid",2026-08-06T00:44:34.000Z,2026-08-06T00:00:00.000Z,"","stripe_eu_tx_po_1U1FQERrkwwcYwepOa5Y60Rs","",2026-09-06T20:46:52.965Z
"stripe_eu_tx_txn_3U1Yc8RrkwwcYwep1l4tJnL9","charge","charge","",39.99,0.85,39.14,eur,"available",2026-08-06T21:14:10.000Z,2026-08-11T00:00:00.000Z,"ch_3U1Yc8RrkwwcYwep1XybNoro","","",2026-09-06T20:46:28.240Z
"stripe_eu_tx_txn_1U1YcERrkwwcYwepDaSP2pB2","contribution","contribution","Climate contribution",-0.20,0.00,-0.20,eur,"available",2026-08-06T21:14:14.000Z,2026-08-11T00:00:00.000Z,"","","",2026-09-06T20:46:28.027Z
"stripe_eu_tx_txn_1U2006RrkwwcYwepDWpqLZgc","stripe_fee","fee","Revenue recognition (2026-08-06): Standalone charges",-0.10,0.00,-0.10,eur,"available",2026-08-08T02:28:42.000Z,2026-08-08T02:28:42.000Z,"","","",2026-09-06T20:46:27.931Z
"stripe_eu_tx_txn_3U2vU2RrkwwcYwep06Fy5g4j","charge","charge","",69.99,2.52,67.47,eur,"available",2026-08-10T15:51:27.000Z,2026-08-13T00:00:00.000Z,"ch_3U2vU2RrkwwcYwep04oD6I6g","","",2026-09-06T20:46:27.834Z
"stripe_eu_tx_txn_1U2vU6RrkwwcYwepSEzEa5xF","contribution","contribution","Climate contribution",-0.35,0.00,-0.35,eur,"available",2026-08-10T15:51:30.000Z,2026-08-13T00:00:00.000Z,"","","",2026-09-06T20:46:27.627Z
"stripe_eu_tx_txn_1U33EPRrkwwcYwepcBi1cpo6","payout","payout","STRIPE PAYOUT",-38.84,0.00,-38.84,eur,"available",2026-08-11T00:07:48.000Z,2026-08-11T00:07:48.000Z,"po_1U33EORrkwwcYweps9AoOX0S","","",2026-09-06T20:46:27.531Z
"stripe_eu_tx_po_1U33EORrkwwcYweps9AoOX0S","payout","payout","STRIPE PAYOUT",-38.84,0.00,-38.84,eur,"paid",2026-08-11T00:07:48.000Z,2026-08-11T00:00:00.000Z,"","stripe_eu_tx_po_1U33EORrkwwcYweps9AoOX0S","",2026-09-06T20:46:52.870Z
"stripe_eu_tx_txn_1U3PwxRrkwwcYwepJFJMM72V","stripe_fee","fee","Revenue recognition (2026-08-10): Standalone charges",-0.17,0.00,-0.17,eur,"available",2026-08-12T00:23:18.000Z,2026-08-12T00:23:18.000Z,"","","",2026-09-06T20:46:27.435Z
"stripe_eu_tx_po_1U3mTNRrkwwcYwepQIiMFglc","payout","payout","STRIPE PAYOUT",-66.95,0.00,-66.95,eur,"paid",2026-08-13T00:26:17.000Z,2026-08-13T00:00:00.000Z,"","stripe_eu_tx_po_1U3mTNRrkwwcYwepQIiMFglc","",2026-09-06T20:46:52.774Z
"stripe_eu_tx_txn_1U3mTORrkwwcYwepPKqTSgbW","payout","payout","STRIPE PAYOUT",-66.95,0.00,-66.95,eur,"available",2026-08-13T00:26:17.000Z,2026-08-13T00:26:17.000Z,"po_1U3mTNRrkwwcYwepQIiMFglc","","",2026-09-06T20:46:27.338Z
"stripe_eu_tx_txn_3U5RyERrkwwcYwep0qd5uTzR","charge","charge","Subscription creation",39.99,1.55,38.44,eur,"available",2026-08-17T14:57:03.000Z,2026-08-20T00:00:00.000Z,"ch_3U5RyERrkwwcYwep07vHGBQU","","",2026-09-06T20:46:27.243Z
"stripe_eu_tx_txn_1U5RyHRrkwwcYweps7eb2mhH","contribution","contribution","Climate contribution",-0.20,0.00,-0.20,eur,"available",2026-08-17T14:57:05.000Z,2026-08-20T00:00:00.000Z,"","","",2026-09-06T20:46:27.036Z
"stripe_eu_tx_txn_1U5c1jRrkwwcYwepC4BYn3wG","stripe_fee","fee","Billing - Usage Fee (2026-08-17)",-0.28,0.00,-0.28,eur,"available",2026-08-18T01:41:18.000Z,2026-08-18T01:41:18.000Z,"","","",2026-09-06T20:46:26.939Z
"stripe_eu_tx_txn_1U5xUvRrkwwcYwepBYITMRvE","stripe_fee","fee","Revenue recognition (2026-08-17): Fees for recurring invoices",-0.10,0.00,-0.10,eur,"available",2026-08-19T00:36:52.000Z,2026-08-19T00:36:52.000Z,"","","",2026-09-06T20:46:26.844Z
"stripe_eu_tx_po_1U6JXIRrkwwcYwep0UnHbIJn","payout","payout","STRIPE PAYOUT",-37.86,0.00,-37.86,eur,"paid",2026-08-20T00:08:48.000Z,2026-08-20T00:00:00.000Z,"","stripe_eu_tx_po_1U6JXIRrkwwcYwep0UnHbIJn","",2026-09-06T20:46:52.678Z
"stripe_eu_tx_txn_1U6JXIRrkwwcYwepeHltpS42","payout","payout","STRIPE PAYOUT",-37.86,0.00,-37.86,eur,"available",2026-08-20T00:08:48.000Z,2026-08-20T00:08:48.000Z,"po_1U6JXIRrkwwcYwep0UnHbIJn","","",2026-09-06T20:46:26.748Z
"stripe_eu_tx_txn_3U6no5RrkwwcYwep0uomtdte","charge","charge","",89.99,1.60,88.39,eur,"available",2026-08-21T08:28:10.000Z,2026-08-26T00:00:00.000Z,"ch_3U6no5RrkwwcYwep05NA53JR","","",2026-09-06T20:46:26.652Z
"stripe_eu_tx_txn_1U6noARrkwwcYwep9NE2pY08","contribution","contribution","Climate contribution",-0.45,0.00,-0.45,eur,"available",2026-08-21T08:28:14.000Z,2026-08-26T00:00:00.000Z,"","","",2026-09-06T20:46:26.425Z
"stripe_eu_tx_txn_1U7PHxRrkwwcYwep1oL6Xh6Z","stripe_fee","fee","Revenue recognition (2026-08-21): Standalone charges",-0.22,0.00,-0.22,eur,"available",2026-08-23T00:29:28.000Z,2026-08-23T00:29:28.000Z,"","","",2026-09-06T20:46:26.329Z
"stripe_eu_tx_po_1U8UhnRrkwwcYwepefoEMFb1","payout","payout","STRIPE PAYOUT",-87.72,0.00,-87.72,eur,"paid",2026-08-26T00:28:39.000Z,2026-08-26T00:00:00.000Z,"","stripe_eu_tx_po_1U8UhnRrkwwcYwepefoEMFb1","",2026-09-06T20:46:52.582Z
"stripe_eu_tx_txn_1U8UhnRrkwwcYweparIImSkq","payout","payout","STRIPE PAYOUT",-87.72,0.00,-87.72,eur,"available",2026-08-26T00:28:39.000Z,2026-08-26T00:28:39.000Z,"po_1U8UhnRrkwwcYwepefoEMFb1","","",2026-09-06T20:46:26.233Z